Series_reference,Period,Data_value,Suppressed,STATUS,UNITS,Magnitude,Subject,Group,Series_title_1,Series_title_2,Series_title_3,Series_title_4,Series_title_5
ECTA.S19A1,2001.03,,,C,Dollars,6,Electronic Card Transactions (ANZSIC06) - ECT,Total values - Electronic card transactions A/S/T by division,Actual,RTS total industries,,,
ECTA.S19A1,2002.03,,,C,Dollars,6,Electronic Card Transactions (ANZSIC06) - ECT,Total values - Electronic card transactions A/S/T by division,Actual,RTS total industries,,,
ECTA.S19A1,2003.03,,,C,Dollars,6,Electronic Card Transactions (ANZSIC06) - ECT,Total values - Electronic card transactions A/S/T by division,Actual,RTS total industries,,,
ECTA.S19A1,2004.03,28005.1,,F,Dollars,6,Electronic Card Transactions (ANZSIC06) - ECT,Total values - Electronic card transactions A/S/T by division,Actual,RTS total industries,,,
ECTA.S19A1,2005.03,30629.6,,F,Dollars,6,Electronic Card Transactions (ANZSIC06) - ECT,Total values - Electronic card transactions A/S/T by division,Actual,RTS total industries,,,
ECTA.S19A1,2006.03,33317.4,,F,Dollars,6,Electronic Card Transactions (ANZSIC06) - ECT,Total values - Electronic card transactions A/S/T by division,Actual,RTS total industries,,,
ECTA.S19A1,2007.03,36422,,F,Dollars,6,Electronic Card Transactions (ANZSIC06) - ECT,Total values - Electronic card transactions A/S/T by division,Actual,RTS total industries,,,
ECTA.S19A1,2008.03,39198,,F,Dollars,6,Electronic Card Transactions (ANZSIC06) - ECT,Total values - Electronic card transactions A/S/T by division,Actual,RTS total industries,,,
ECTA.S19A1,2009.03,40629.4,,F,Dollars,6,Electronic Card Transactions (ANZSIC06) - ECT,Total values - Electronic card transactions A/S/T by division,Actual,RTS total industries,,,
ECTA.S19A1,2010.03,41815.4,,F,Dollars,6,Electronic Card Transactions (ANZSIC06) - ECT,Total values - Electronic card transactions A/S/T by division,Actual,RTS total industries,,,
ECTA.S19A1,2011.03,43848.6,,F,Dollars,6,Electronic Card Transactions (ANZSIC06) - ECT,Total values - Electronic card transactions A/S/T by division,Actual,RTS total industries,,,
ECTA.S19A1,2012.03,47004.9,,F,Dollars,6,Electronic Card Transactions (ANZSIC06) - ECT,Total values - Electronic card transactions A/S/T by division,Actual,RTS total industries,,,
ECTA.S19A1,2013.03,49188.8,,F,Dollars,6,Electronic Card Transactions (ANZSIC06) - ECT,Total values - Electronic card transactions A/S/T by division,Actual,RTS total industries,,,
ECTA.S19A1,2014.03,52108.2,,F,Dollars,6,Electronic Card Transactions (ANZSIC06) - ECT,Total values - Electronic card transactions A/S/T by division,Actual,RTS total industries,,,
ECTA.S19A1,2015.03,54410.5,,F,Dollars,6,Electronic Card Transactions (ANZSIC06) - ECT,Total values - Electronic card transactions A/S/T by division,Actual,RTS total industries,,,
ECTA.S19A1,2016.03,57389.5,,F,Dollars,6,Electronic Card Transactions (ANZSIC06) - ECT,Total values - Electronic card transactions A/S/T by division,Actual,RTS total industries,,,
ECTA.S19A1,2017.03,60354.2,,F,Dollars,6,Electronic Card Transactions (ANZSIC06) - ECT,Total values - Electronic card transactions A/S/T by division,Actual,RTS total industries,,,
ECTA.S19A1,2018.03,62893.1,,F,Dollars,6,Electronic Card Transactions (ANZSIC06) - ECT,Total values - Electronic card transactions A/S/T by division,Actual,RTS total industries,,,
ECTA.S19A1,2019.03,65195.2,,F,Dollars,6,Electronic Card Transactions (ANZSIC06) - ECT,Total values - Electronic card transactions A/S/T by division,Actual,RTS total industries,,,
ECTA.S19A2,2001.03,,,C,Dollars,6,Electronic Card Transactions (ANZSIC06) - ECT,Total values - Electronic card transactions A/S/T by division,Actual,RTS core industries,,,
ECTA.S19A2,2002.03,,,C,Dollars,6,Electronic Card Transactions (ANZSIC06) - ECT,Total values - Electronic card transactions A/S/T by division,Actual,RTS core industries,,,
ECTA.S19A2,2003.03,,,C,Dollars,6,Electronic Card Transactions (ANZSIC06) - ECT,Total values - Electronic card transactions A/S/T by division,Actual,RTS core industries,,,
ECTA.S19A2,2004.03,24641.7,,F,Dollars,6,Electronic Card Transactions (ANZSIC06) - ECT,Total values - Electronic card transactions A/S/T by division,Actual,RTS core industries,,,
ECTA.S19A2,2005.03,26469.8,,F,Dollars,6,Electronic Card Transactions (ANZSIC06) - ECT,Total values - Electronic card transactions A/S/T by division,Actual,RTS core industries,,,
ECTA.S19A2,2006.03,28502,,F,Dollars,6,Electronic Card Transactions (ANZSIC06) - ECT,Total values - Electronic card transactions A/S/T by division,Actual,RTS core industries,,,
ECTA.S19A2,2007.03,31000.7,,F,Dollars,6,Electronic Card Transactions (ANZSIC06) - ECT,Total values - Electronic card transactions A/S/T by division,Actual,RTS core industries,,,
ECTA.S19A2,2008.03,33293.2,,F,Dollars,6,Electronic Card Transactions (ANZSIC06) - ECT,Total values - Electronic card transactions A/S/T by division,Actual,RTS core industries,,,
ECTA.S19A2,2009.03,34258.5,,F,Dollars,6,Electronic Card Transactions (ANZSIC06) - ECT,Total values - Electronic card transactions A/S/T by division,Actual,RTS core industries,,,
ECTA.S19A2,2010.03,35712.7,,F,Dollars,6,Electronic Card Transactions (ANZSIC06) - ECT,Total values - Electronic card transactions A/S/T by division,Actual,RTS core industries,,,
ECTA.S19A2,2011.03,37132.3,,F,Dollars,6,Electronic Card Transactions (ANZSIC06) - ECT,Total values - Electronic card transactions A/S/T by division,Actual,RTS core industries,,,
ECTA.S19A2,2012.03,39561.9,,F,Dollars,6,Electronic Card Transactions (ANZSIC06) - ECT,Total values - Electronic card transactions A/S/T by division,Actual,RTS core industries,,,
ECTA.S19A2,2013.03,40945.5,,F,Dollars,6,Electronic Card Transactions (ANZSIC06) - ECT,Total values - Electronic card transactions A/S/T by division,Actual,RTS core industries,,,
ECTA.S19A2,2014.03,42895.6,,F,Dollars,6,Electronic Card Transactions (ANZSIC06) - ECT,Total values - Electronic card transactions A/S/T by division,Actual,RTS core industries,,,
ECTA.S19A2,2015.03,45331.2,,F,Dollars,6,Electronic Card Transactions (ANZSIC06) - ECT,Total values - Electronic card transactions A/S/T by division,Actual,RTS core industries,,,
ECTA.S19A2,2016.03,48446,,F,Dollars,6,Electronic Card Transactions (ANZSIC06) - ECT,Total values - Electronic card transactions A/S/T by division,Actual,RTS core industries,,,
ECTA.S19A2,2017.03,51259.1,,F,Dollars,6,Electronic Card Transactions (ANZSIC06) - ECT,Total values - Electronic card transactions A/S/T by division,Actual,RTS core industries,,,
ECTA.S19A2,2018.03,53481,,F,Dollars,6,Electronic Card Transactions (ANZSIC06) - ECT,Total values - Electronic card transactions A/S/T by division,Actual,RTS core industries,,,
ECTA.S19A2,2019.03,55579.7,,F,Dollars,6,Electronic Card Transactions (ANZSIC06) - ECT,Total values - Electronic card transactions A/S/T by division,Actual,RTS core industries,,,
ECTA.S19A9,2001.03,,,C,Dollars,6,Electronic Card Transactions (ANZSIC06) - ECT,Total values - Electronic card transactions A/S/T by division,Actual,Total,,,
ECTA.S19A9,2002.03,,,C,Dollars,6,Electronic Card Transactions (ANZSIC06) - ECT,Total values - Electronic card transactions A/S/T by division,Actual,Total,,,
ECTA.S19A9,2003.03,,,C,Dollars,6,Electronic Card Transactions (ANZSIC06) - ECT,Total values - Electronic card transactions A/S/T by division,Actual,Total,,,
ECTA.S19A9,2004.03,36878.7,,F,Dollars,6,Electronic Card Transactions (ANZSIC06) - ECT,Total values - Electronic card transactions A/S/T by division,Actual,Total,,,
ECTA.S19A9,2005.03,40756.2,,F,Dollars,6,Electronic Card Transactions (ANZSIC06) - ECT,Total values - Electronic card transactions A/S/T by division,Actual,Total,,,
ECTA.S19A9,2006.03,44303.8,,F,Dollars,6,Electronic Card Transactions (ANZSIC06) - ECT,Total values - Electronic card transactions A/S/T by division,Actual,Total,,,
ECTA.S19A9,2007.03,48616.7,,F,Dollars,6,Electronic Card Transactions (ANZSIC06) - ECT,Total values - Electronic card transactions A/S/T by division,Actual,Total,,,
ECTA.S19A9,2008.03,52669.1,,F,Dollars,6,Electronic Card Transactions (ANZSIC06) - ECT,Total values - Electronic card transactions A/S/T by division,Actual,Total,,,
ECTA.S19A9,2009.03,54475.5,,F,Dollars,6,Electronic Card Transactions (ANZSIC06) - ECT,Total values - Electronic card transactions A/S/T by division,Actual,Total,,,
ECTA.S19A9,2010.03,55977.4,,F,Dollars,6,Electronic Card Transactions (ANZSIC06) - ECT,Total values - Electronic card transactions A/S/T by division,Actual,Total,,,
ECTA.S19A9,2011.03,58624.9,,F,Dollars,6,Electronic Card Transactions (ANZSIC06) - ECT,Total values - Electronic card transactions A/S/T by division,Actual,Total,,,
ECTA.S19A9,2012.03,62614.7,,F,Dollars,6,Electronic Card Transactions (ANZSIC06) - ECT,Total values - Electronic card transactions A/S/T by division,Actual,Total,,,
ECTA.S19A9,2013.03,65296.1,,F,Dollars,6,Electronic Card Transactions (ANZSIC06) - ECT,Total values - Electronic card transactions A/S/T by division,Actual,Total,,,
ECTA.S19A9,2014.03,69247.1,,F,Dollars,6,Electronic Card Transactions (ANZSIC06) - ECT,Total values - Electronic card transactions A/S/T by division,Actual,Total,,,
ECTA.S19A9,2015.03,72320.3,,F,Dollars,6,Electronic Card Transactions (ANZSIC06) - ECT,Total values - Electronic card transactions A/S/T by division,Actual,Total,,,
ECTA.S19A9,2016.03,76488.6,,F,Dollars,6,Electronic Card Transactions (ANZSIC06) - ECT,Total values - Electronic card transactions A/S/T by division,Actual,Total,,,
ECTA.S19A9,2017.03,80468.4,,F,Dollars,6,Electronic Card Transactions (ANZSIC06) - ECT,Total values - Electronic card transactions A/S/T by division,Actual,Total,,,
ECTA.S19A9,2018.03,83906.3,,F,Dollars,6,Electronic Card Transactions (ANZSIC06) - ECT,Total values - Electronic card transactions A/S/T by division,Actual,Total,,,
ECTA.S19A9,2019.03,87067.5,,F,Dollars,6,Electronic Card Transactions (ANZSIC06) - ECT,Total values - Electronic card transactions A/S/T by division,Actual,Total,,,
ECTA.S19AW,2001.03,,,C,Dollars,6,Electronic Card Transactions (ANZSIC06) - ECT,Total values - Electronic card transactions A/S/T by division,Actual,Credit,,,
ECTA.S19AW,2002.03,,,C,Dollars,6,Electronic Card Transactions (ANZSIC06) - ECT,Total values - Electronic card transactions A/S/T by division,Actual,Credit,,,
ECTA.S19AW,2003.03,,,C,Dollars,6,Electronic Card Transactions (ANZSIC06) - ECT,Total values - Electronic card transactions A/S/T by division,Actual,Credit,,,
ECTA.S19AW,2004.03,16307.6,,F,Dollars,6,Electronic Card Transactions (ANZSIC06) - ECT,Total values - Electronic card transactions A/S/T by division,Actual,Credit,,,
ECTA.S19AW,2005.03,18481.2,,F,Dollars,6,Electronic Card Transactions (ANZSIC06) - ECT,Total values - Electronic card transactions A/S/T by division,Actual,Credit,,,
ECTA.S19AW,2006.03,20210.6,,F,Dollars,6,Electronic Card Transactions (ANZSIC06) - ECT,Total values - Electronic card transactions A/S/T by division,Actual,Credit,,,
ECTA.S19AW,2007.03,22272.1,,F,Dollars,6,Electronic Card Transactions (ANZSIC06) - ECT,Total values - Electronic card transactions A/S/T by division,Actual,Credit,,,
ECTA.S19AW,2008.03,23982.4,,F,Dollars,6,Electronic Card Transactions (ANZSIC06) - ECT,Total values - Electronic card transactions A/S/T by division,Actual,Credit,,,
ECTA.S19AW,2009.03,24381.1,,F,Dollars,6,Electronic Card Transactions (ANZSIC06) - ECT,Total values - Electronic card transactions A/S/T by division,Actual,Credit,,,
ECTA.S19AW,2010.03,24135.6,,F,Dollars,6,Electronic Card Transactions (ANZSIC06) - ECT,Total values - Electronic card transactions A/S/T by division,Actual,Credit,,,
ECTA.S19AW,2011.03,24851.6,,F,Dollars,6,Electronic Card Transactions (ANZSIC06) - ECT,Total values - Electronic card transactions A/S/T by division,Actual,Credit,,,
ECTA.S19AW,2012.03,26411.2,,F,Dollars,6,Electronic Card Transactions (ANZSIC06) - ECT,Total values - Electronic card transactions A/S/T by division,Actual,Credit,,,
ECTA.S19AW,2013.03,27504.1,,F,Dollars,6,Electronic Card Transactions (ANZSIC06) - ECT,Total values - Electronic card transactions A/S/T by division,Actual,Credit,,,
ECTA.S19AW,2014.03,29840,,F,Dollars,6,Electronic Card Transactions (ANZSIC06) - ECT,Total values - Electronic card transactions A/S/T by division,Actual,Credit,,,
ECTA.S19AW,2015.03,31607.8,,F,Dollars,6,Electronic Card Transactions (ANZSIC06) - ECT,Total values - Electronic card transactions A/S/T by division,Actual,Credit,,,
ECTA.S19AW,2016.03,34681.6,,F,Dollars,6,Electronic Card Transactions (ANZSIC06) - ECT,Total values - Electronic card transactions A/S/T by division,Actual,Credit,,,
ECTA.S19AW,2017.03,38326.1,,F,Dollars,6,Electronic Card Transactions (ANZSIC06) - ECT,Total values - Electronic card transactions A/S/T by division,Actual,Credit,,,
ECTA.S19AW,2018.03,42293,,F,Dollars,6,Electronic Card Transactions (ANZSIC06) - ECT,Total values - Electronic card transactions A/S/T by division,Actual,Credit,,,
ECTA.S19AW,2019.03,45926.7,,F,Dollars,6,Electronic Card Transactions (ANZSIC06) - ECT,Total values - Electronic card transactions A/S/T by division,Actual,Credit,,,
ECTA.S19AX,2001.03,,,C,Dollars,6,Electronic Card Transactions (ANZSIC06) - ECT,Total values - Electronic card transactions A/S/T by division,Actual,Debit,,,
ECTA.S19AX,2002.03,,,C,Dollars,6,Electronic Card Transactions (ANZSIC06) - ECT,Total values - Electronic card transactions A/S/T by division,Actual,Debit,,,
ECTA.S19AX,2003.03,,,C,Dollars,6,Electronic Card Transactions (ANZSIC06) - ECT,Total values - Electronic card transactions A/S/T by division,Actual,Debit,,,
ECTA.S19AX,2004.03,20571.1,,F,Dollars,6,Electronic Card Transactions (ANZSIC06) - ECT,Total values - Electronic card transactions A/S/T by division,Actual,Debit,,,
ECTA.S19AX,2005.03,22274.9,,F,Dollars,6,Electronic Card Transactions (ANZSIC06) - ECT,Total values - Electronic card transactions A/S/T by division,Actual,Debit,,,
ECTA.S19AX,2006.03,24093.1,,F,Dollars,6,Electronic Card Transactions (ANZSIC06) - ECT,Total values - Electronic card transactions A/S/T by division,Actual,Debit,,,
ECTA.S19AX,2007.03,26344.6,,F,Dollars,6,Electronic Card Transactions (ANZSIC06) - ECT,Total values - Electronic card transactions A/S/T by division,Actual,Debit,,,
ECTA.S19AX,2008.03,28686.8,,F,Dollars,6,Electronic Card Transactions (ANZSIC06) - ECT,Total values - Electronic card transactions A/S/T by division,Actual,Debit,,,
ECTA.S19AX,2009.03,30094.4,,F,Dollars,6,Electronic Card Transactions (ANZSIC06) - ECT,Total values - Electronic card transactions A/S/T by division,Actual,Debit,,,
ECTA.S19AX,2010.03,31841.8,,F,Dollars,6,Electronic Card Transactions (ANZSIC06) - ECT,Total values - Electronic card transactions A/S/T by division,Actual,Debit,,,
ECTA.S19AX,2011.03,33773.3,,F,Dollars,6,Electronic Card Transactions (ANZSIC06) - ECT,Total values - Electronic card transactions A/S/T by division,Actual,Debit,,,
ECTA.S19AX,2012.03,36203.5,,F,Dollars,6,Electronic Card Transactions (ANZSIC06) - ECT,Total values - Electronic card transactions A/S/T by division,Actual,Debit,,,
ECTA.S19AX,2013.03,37792,,F,Dollars,6,Electronic Card Transactions (ANZSIC06) - ECT,Total values - Electronic card transactions A/S/T by division,Actual,Debit,,,
ECTA.S19AX,2014.03,39407.1,,F,Dollars,6,Electronic Card Transactions (ANZSIC06) - ECT,Total values - Electronic card transactions A/S/T by division,Actual,Debit,,,
ECTA.S19AX,2015.03,40712.5,,F,Dollars,6,Electronic Card Transactions (ANZSIC06) - ECT,Total values - Electronic card transactions A/S/T by division,Actual,Debit,,,
ECTA.S19AX,2016.03,41807,,F,Dollars,6,Electronic Card Transactions (ANZSIC06) - ECT,Total values - Electronic card transactions A/S/T by division,Actual,Debit,,,
ECTA.S19AX,2017.03,42142.2,,F,Dollars,6,Electronic Card Transactions (ANZSIC06) - ECT,Total values - Electronic card transactions A/S/T by division,Actual,Debit,,,
ECTA.S19AX,2018.03,41613.2,,F,Dollars,6,Electronic Card Transactions (ANZSIC06) - ECT,Total values - Electronic card transactions A/S/T by division,Actual,Debit,,,
ECTA.S19AX,2019.03,41140.8,,F,Dollars,6,Electronic Card Transactions (ANZSIC06) - ECT,Total values - Electronic card transactions A/S/T by division,Actual,Debit,,,
ECTA.S1GA1,2001.03,,,C,Dollars,6,Electronic Card Transactions (ANZSIC06) - ECT,Values - Electronic card transactions A/S/T by industry group,Actual,Consumables,,,
ECTA.S1GA1,2002.03,,,C,Dollars,6,Electronic Card Transactions (ANZSIC06) - ECT,Values - Electronic card transactions A/S/T by industry group,Actual,Consumables,,,
ECTA.S1GA1,2003.03,,,C,Dollars,6,Electronic Card Transactions (ANZSIC06) - ECT,Values - Electronic card transactions A/S/T by industry group,Actual,Consumables,,,
ECTA.S1GA1,2004.03,9753.9,,F,Dollars,6,Electronic Card Transactions (ANZSIC06) - ECT,Values - Electronic card transactions A/S/T by industry group,Actual,Consumables,,,
ECTA.S1GA1,2005.03,10471.4,,F,Dollars,6,Electronic Card Transactions (ANZSIC06) - ECT,Values - Electronic card transactions A/S/T by industry group,Actual,Consumables,,,
ECTA.S1GA1,2006.03,11360.4,,F,Dollars,6,Electronic Card Transactions (ANZSIC06) - ECT,Values - Electronic card transactions A/S/T by industry group,Actual,Consumables,,,
ECTA.S1GA1,2007.03,12358.4,,F,Dollars,6,Electronic Card Transactions (ANZSIC06) - ECT,Values - Electronic card transactions A/S/T by industry group,Actual,Consumables,,,
ECTA.S1GA1,2008.03,13299.6,,F,Dollars,6,Electronic Card Transactions (ANZSIC06) - ECT,Values - Electronic card transactions A/S/T by industry group,Actual,Consumables,,,
ECTA.S1GA1,2009.03,14203.1,,F,Dollars,6,Electronic Card Transactions (ANZSIC06) - ECT,Values - Electronic card transactions A/S/T by industry group,Actual,Consumables,,,
ECTA.S1GA1,2010.03,15223.4,,F,Dollars,6,Electronic Card Transactions (ANZSIC06) - ECT,Values - Electronic card transactions A/S/T by industry group,Actual,Consumables,,,
ECTA.S1GA1,2011.03,16075.6,,F,Dollars,6,Electronic Card Transactions (ANZSIC06) - ECT,Values - Electronic card transactions A/S/T by industry group,Actual,Consumables,,,
ECTA.S1GA1,2012.03,17325,,F,Dollars,6,Electronic Card Transactions (ANZSIC06) - ECT,Values - Electronic card transactions A/S/T by industry group,Actual,Consumables,,,
ECTA.S1GA1,2013.03,17972.9,,F,Dollars,6,Electronic Card Transactions (ANZSIC06) - ECT,Values - Electronic card transactions A/S/T by industry group,Actual,Consumables,,,
ECTA.S1GA1,2014.03,18492.6,,F,Dollars,6,Electronic Card Transactions (ANZSIC06) - ECT,Values - Electronic card transactions A/S/T by industry group,Actual,Consumables,,,
ECTA.S1GA1,2015.03,19560.4,,F,Dollars,6,Electronic Card Transactions (ANZSIC06) - ECT,Values - Electronic card transactions A/S/T by industry group,Actual,Consumables,,,
ECTA.S1GA1,2016.03,20709.1,,F,Dollars,6,Electronic Card Transactions (ANZSIC06) - ECT,Values - Electronic card transactions A/S/T by industry group,Actual,Consumables,,,
ECTA.S1GA1,2017.03,21691.3,,F,Dollars,6,Electronic Card Transactions (ANZSIC06) - ECT,Values - Electronic card transactions A/S/T by industry group,Actual,Consumables,,,
ECTA.S1GA1,2018.03,23015.2,,F,Dollars,6,Electronic Card Transactions (ANZSIC06) - ECT,Values - Electronic card transactions A/S/T by industry group,Actual,Consumables,,,
ECTA.S1GA1,2019.03,23889.4,,F,Dollars,6,Electronic Card Transactions (ANZSIC06) - ECT,Values - Electronic card transactions A/S/T by industry group,Actual,Consumables,,,
ECTA.S1GA2,2001.03,,,C,Dollars,6,Electronic Card Transactions (ANZSIC06) - ECT,Values - Electronic card transactions A/S/T by industry group,Actual,Durables,,,
ECTA.S1GA2,2002.03,,,C,Dollars,6,Electronic Card Transactions (ANZSIC06) - ECT,Values - Electronic card transactions A/S/T by industry group,Actual,Durables,,,
ECTA.S1GA2,2003.03,,,C,Dollars,6,Electronic Card Transactions (ANZSIC06) - ECT,Values - Electronic card transactions A/S/T by industry group,Actual,Durables,,,
ECTA.S1GA2,2004.03,8794.3,,F,Dollars,6,Electronic Card Transactions (ANZSIC06) - ECT,Values - Electronic card transactions A/S/T by industry group,Actual,Durables,,,
ECTA.S1GA2,2005.03,9357.2,,F,Dollars,6,Electronic Card Transactions (ANZSIC06) - ECT,Values - Electronic card transactions A/S/T by industry group,Actual,Durables,,,
ECTA.S1GA2,2006.03,9983.8,,F,Dollars,6,Electronic Card Transactions (ANZSIC06) - ECT,Values - Electronic card transactions A/S/T by industry group,Actual,Durables,,,
ECTA.S1GA2,2007.03,10713.8,,F,Dollars,6,Electronic Card Transactions (ANZSIC06) - ECT,Values - Electronic card transactions A/S/T by industry group,Actual,Durables,,,
ECTA.S1GA2,2008.03,11331.1,,F,Dollars,6,Electronic Card Transactions (ANZSIC06) - ECT,Values - Electronic card transactions A/S/T by industry group,Actual,Durables,,,
ECTA.S1GA2,2009.03,11199.7,,F,Dollars,6,Electronic Card Transactions (ANZSIC06) - ECT,Values - Electronic card transactions A/S/T by industry group,Actual,Durables,,,
ECTA.S1GA2,2010.03,11290.6,,F,Dollars,6,Electronic Card Transactions (ANZSIC06) - ECT,Values - Electronic card transactions A/S/T by industry group,Actual,Durables,,,
ECTA.S1GA2,2011.03,11361.6,,F,Dollars,6,Electronic Card Transactions (ANZSIC06) - ECT,Values - Electronic card transactions A/S/T by industry group,Actual,Durables,,,
ECTA.S1GA2,2012.03,11752.5,,F,Dollars,6,Electronic Card Transactions (ANZSIC06) - ECT,Values - Electronic card transactions A/S/T by industry group,Actual,Durables,,,
ECTA.S1GA2,2013.03,12149.1,,F,Dollars,6,Electronic Card Transactions (ANZSIC06) - ECT,Values - Electronic card transactions A/S/T by industry group,Actual,Durables,,,
ECTA.S1GA2,2014.03,12814.3,,F,Dollars,6,Electronic Card Transactions (ANZSIC06) - ECT,Values - Electronic card transactions A/S/T by industry group,Actual,Durables,,,
ECTA.S1GA2,2015.03,13329.6,,F,Dollars,6,Electronic Card Transactions (ANZSIC06) - ECT,Values - Electronic card transactions A/S/T by industry group,Actual,Durables,,,
ECTA.S1GA2,2016.03,14129.8,,F,Dollars,6,Electronic Card Transactions (ANZSIC06) - ECT,Values - Electronic card transactions A/S/T by industry group,Actual,Durables,,,
ECTA.S1GA2,2017.03,14636.7,,F,Dollars,6,Electronic Card Transactions (ANZSIC06) - ECT,Values - Electronic card transactions A/S/T by industry group,Actual,Durables,,,
ECTA.S1GA2,2018.03,14808.7,,F,Dollars,6,Electronic Card Transactions (ANZSIC06) - ECT,Values - Electronic card transactions A/S/T by industry group,Actual,Durables,,,
ECTA.S1GA2,2019.03,15384.9,,F,Dollars,6,Electronic Card Transactions (ANZSIC06) - ECT,Values - Electronic card transactions A/S/T by industry group,Actual,Durables,,,
ECTA.S1GA3,2001.03,,,C,Dollars,6,Electronic Card Transactions (ANZSIC06) - ECT,Values - Electronic card transactions A/S/T by industry group,Actual,Hospitality,,,
ECTA.S1GA3,2002.03,,,C,Dollars,6,Electronic Card Transactions (ANZSIC06) - ECT,Values - Electronic card transactions A/S/T by industry group,Actual,Hospitality,,,
ECTA.S1GA3,2003.03,,,C,Dollars,6,Electronic Card Transactions (ANZSIC06) - ECT,Values - Electronic card transactions A/S/T by industry group,Actual,Hospitality,,,
ECTA.S1GA3,2004.03,3798.7,,F,Dollars,6,Electronic Card Transactions (ANZSIC06) - ECT,Values - Electronic card transactions A/S/T by industry group,Actual,Hospitality,,,
ECTA.S1GA3,2005.03,4219.6,,F,Dollars,6,Electronic Card Transactions (ANZSIC06) - ECT,Values - Electronic card transactions A/S/T by industry group,Actual,Hospitality,,,
ECTA.S1GA3,2006.03,4572.6,,F,Dollars,6,Electronic Card Transactions (ANZSIC06) - ECT,Values - Electronic card transactions A/S/T by industry group,Actual,Hospitality,,,
ECTA.S1GA3,2007.03,5157.3,,F,Dollars,6,Electronic Card Transactions (ANZSIC06) - ECT,Values - Electronic card transactions A/S/T by industry group,Actual,Hospitality,,,
ECTA.S1GA3,2008.03,5714.4,,F,Dollars,6,Electronic Card Transactions (ANZSIC06) - ECT,Values - Electronic card transactions A/S/T by industry group,Actual,Hospitality,,,
ECTA.S1GA3,2009.03,5898.5,,F,Dollars,6,Electronic Card Transactions (ANZSIC06) - ECT,Values - Electronic card transactions A/S/T by industry group,Actual,Hospitality,,,
ECTA.S1GA3,2010.03,6145.8,,F,Dollars,6,Electronic Card Transactions (ANZSIC06) - ECT,Values - Electronic card transactions A/S/T by industry group,Actual,Hospitality,,,
ECTA.S1GA3,2011.03,6470,,F,Dollars,6,Electronic Card Transactions (ANZSIC06) - ECT,Values - Electronic card transactions A/S/T by industry group,Actual,Hospitality,,,
ECTA.S1GA3,2012.03,7070.6,,F,Dollars,6,Electronic Card Transactions (ANZSIC06) - ECT,Values - Electronic card transactions A/S/T by industry group,Actual,Hospitality,,,
ECTA.S1GA3,2013.03,7438.5,,F,Dollars,6,Electronic Card Transactions (ANZSIC06) - ECT,Values - Electronic card transactions A/S/T by industry group,Actual,Hospitality,,,
ECTA.S1GA3,2014.03,8135.5,,F,Dollars,6,Electronic Card Transactions (ANZSIC06) - ECT,Values - Electronic card transactions A/S/T by industry group,Actual,Hospitality,,,
ECTA.S1GA3,2015.03,8964.9,,F,Dollars,6,Electronic Card Transactions (ANZSIC06) - ECT,Values - Electronic card transactions A/S/T by industry group,Actual,Hospitality,,,
ECTA.S1GA3,2016.03,9952.2,,F,Dollars,6,Electronic Card Transactions (ANZSIC06) - ECT,Values - Electronic card transactions A/S/T by industry group,Actual,Hospitality,,,
ECTA.S1GA3,2017.03,11161.9,,F,Dollars,6,Electronic Card Transactions (ANZSIC06) - ECT,Values - Electronic card transactions A/S/T by industry group,Actual,Hospitality,,,
ECTA.S1GA3,2018.03,11920.1,,F,Dollars,6,Electronic Card Transactions (ANZSIC06) - ECT,Values - Electronic card transactions A/S/T by industry group,Actual,Hospitality,,,
ECTA.S1GA3,2019.03,12618.6,,F,Dollars,6,Electronic Card Transactions (ANZSIC06) - ECT,Values - Electronic card transactions A/S/T by industry group,Actual,Hospitality,,,
ECTA.S1GA4,2001.03,,,C,Dollars,6,Electronic Card Transactions (ANZSIC06) - ECT,Values - Electronic card transactions A/S/T by industry group,Actual,Services,,,
ECTA.S1GA4,2002.03,,,C,Dollars,6,Electronic Card Transactions (ANZSIC06) - ECT,Values - Electronic card transactions A/S/T by industry group,Actual,Services,,,
ECTA.S1GA4,2003.03,,,C,Dollars,6,Electronic Card Transactions (ANZSIC06) - ECT,Values - Electronic card transactions A/S/T by industry group,Actual,Services,,,
ECTA.S1GA4,2004.03,981.4,,F,Dollars,6,Electronic Card Transactions (ANZSIC06) - ECT,Values - Electronic card transactions A/S/T by industry group,Actual,Services,,,
ECTA.S1GA4,2005.03,1129.4,,F,Dollars,6,Electronic Card Transactions (ANZSIC06) - ECT,Values - Electronic card transactions A/S/T by industry group,Actual,Services,,,
ECTA.S1GA4,2006.03,1269.5,,F,Dollars,6,Electronic Card Transactions (ANZSIC06) - ECT,Values - Electronic card transactions A/S/T by industry group,Actual,Services,,,
ECTA.S1GA4,2007.03,1412.3,,F,Dollars,6,Electronic Card Transactions (ANZSIC06) - ECT,Values - Electronic card transactions A/S/T by industry group,Actual,Services,,,
ECTA.S1GA4,2008.03,1563.6,,F,Dollars,6,Electronic Card Transactions (ANZSIC06) - ECT,Values - Electronic card transactions A/S/T by industry group,Actual,Services,,,
ECTA.S1GA4,2009.03,1671.6,,F,Dollars,6,Electronic Card Transactions (ANZSIC06) - ECT,Values - Electronic card transactions A/S/T by industry group,Actual,Services,,,
ECTA.S1GA4,2010.03,1762.2,,F,Dollars,6,Electronic Card Transactions (ANZSIC06) - ECT,Values - Electronic card transactions A/S/T by industry group,Actual,Services,,,
ECTA.S1GA4,2011.03,1846.8,,F,Dollars,6,Electronic Card Transactions (ANZSIC06) - ECT,Values - Electronic card transactions A/S/T by industry group,Actual,Services,,,
ECTA.S1GA4,2012.03,1975,,F,Dollars,6,Electronic Card Transactions (ANZSIC06) - ECT,Values - Electronic card transactions A/S/T by industry group,Actual,Services,,,
ECTA.S1GA4,2013.03,2096.4,,F,Dollars,6,Electronic Card Transactions (ANZSIC06) - ECT,Values - Electronic card transactions A/S/T by industry group,Actual,Services,,,
ECTA.S1GA4,2014.03,2358.2,,F,Dollars,6,Electronic Card Transactions (ANZSIC06) - ECT,Values - Electronic card transactions A/S/T by industry group,Actual,Services,,,
ECTA.S1GA4,2015.03,2591.7,,F,Dollars,6,Electronic Card Transactions (ANZSIC06) - ECT,Values - Electronic card transactions A/S/T by industry group,Actual,Services,,,
ECTA.S1GA4,2016.03,2796.7,,F,Dollars,6,Electronic Card Transactions (ANZSIC06) - ECT,Values - Electronic card transactions A/S/T by industry group,Actual,Services,,,
ECTA.S1GA4,2017.03,3010,,F,Dollars,6,Electronic Card Transactions (ANZSIC06) - ECT,Values - Electronic card transactions A/S/T by industry group,Actual,Services,,,
ECTA.S1GA4,2018.03,3217.5,,F,Dollars,6,Electronic Card Transactions (ANZSIC06) - ECT,Values - Electronic card transactions A/S/T by industry group,Actual,Services,,,
ECTA.S1GA4,2019.03,3416.9,,F,Dollars,6,Electronic Card Transactions (ANZSIC06) - ECT,Values - Electronic card transactions A/S/T by industry group,Actual,Services,,,
ECTA.S1GA5,2001.03,,,C,Dollars,6,Electronic Card Transactions (ANZSIC06) - ECT,Values - Electronic card transactions A/S/T by industry group,Actual,Apparel,,,
ECTA.S1GA5,2002.03,,,C,Dollars,6,Electronic Card Transactions (ANZSIC06) - ECT,Values - Electronic card transactions A/S/T by industry group,Actual,Apparel,,,
ECTA.S1GA5,2003.03,,,C,Dollars,6,Electronic Card Transactions (ANZSIC06) - ECT,Values - Electronic card transactions A/S/T by industry group,Actual,Apparel,,,
ECTA.S1GA5,2004.03,2294.9,,F,Dollars,6,Electronic Card Transactions (ANZSIC06) - ECT,Values - Electronic card transactions A/S/T by industry group,Actual,Apparel,,,
ECTA.S1GA5,2005.03,2421.6,,F,Dollars,6,Electronic Card Transactions (ANZSIC06) - ECT,Values - Electronic card transactions A/S/T by industry group,Actual,Apparel,,,
ECTA.S1GA5,2006.03,2585.2,,F,Dollars,6,Electronic Card Transactions (ANZSIC06) - ECT,Values - Electronic card transactions A/S/T by industry group,Actual,Apparel,,,
ECTA.S1GA5,2007.03,2771.2,,F,Dollars,6,Electronic Card Transactions (ANZSIC06) - ECT,Values - Electronic card transactions A/S/T by industry group,Actual,Apparel,,,
ECTA.S1GA5,2008.03,2948.2,,F,Dollars,6,Electronic Card Transactions (ANZSIC06) - ECT,Values - Electronic card transactions A/S/T by industry group,Actual,Apparel,,,
ECTA.S1GA5,2009.03,2957.2,,F,Dollars,6,Electronic Card Transactions (ANZSIC06) - ECT,Values - Electronic card transactions A/S/T by industry group,Actual,Apparel,,,
ECTA.S1GA5,2010.03,3052.9,,F,Dollars,6,Electronic Card Transactions (ANZSIC06) - ECT,Values - Electronic card transactions A/S/T by industry group,Actual,Apparel,,,
ECTA.S1GA5,2011.03,3114.2,,F,Dollars,6,Electronic Card Transactions (ANZSIC06) - ECT,Values - Electronic card transactions A/S/T by industry group,Actual,Apparel,,,
ECTA.S1GA5,2012.03,3285.9,,F,Dollars,6,Electronic Card Transactions (ANZSIC06) - ECT,Values - Electronic card transactions A/S/T by industry group,Actual,Apparel,,,
ECTA.S1GA5,2013.03,3309.4,,F,Dollars,6,Electronic Card Transactions (ANZSIC06) - ECT,Values - Electronic card transactions A/S/T by industry group,Actual,Apparel,,,
ECTA.S1GA5,2014.03,3409.3,,F,Dollars,6,Electronic Card Transactions (ANZSIC06) - ECT,Values - Electronic card transactions A/S/T by industry group,Actual,Apparel,,,
ECTA.S1GA5,2015.03,3426.9,,F,Dollars,6,Electronic Card Transactions (ANZSIC06) - ECT,Values - Electronic card transactions A/S/T by industry group,Actual,Apparel,,,
ECTA.S1GA5,2016.03,3589.4,,F,Dollars,6,Electronic Card Transactions (ANZSIC06) - ECT,Values - Electronic card transactions A/S/T by industry group,Actual,Apparel,,,
ECTA.S1GA5,2017.03,3709.9,,F,Dollars,6,Electronic Card Transactions (ANZSIC06) - ECT,Values - Electronic card transactions A/S/T by industry group,Actual,Apparel,,,
ECTA.S1GA5,2018.03,3680.9,,F,Dollars,6,Electronic Card Transactions (ANZSIC06) - ECT,Values - Electronic card transactions A/S/T by industry group,Actual,Apparel,,,
ECTA.S1GA5,2019.03,3634.1,,F,Dollars,6,Electronic Card Transactions (ANZSIC06) - ECT,Values - Electronic card transactions A/S/T by industry group,Actual,Apparel,,,
ECTA.S1GA6,2001.03,,,C,Dollars,6,Electronic Card Transactions (ANZSIC06) - ECT,Values - Electronic card transactions A/S/T by industry group,Actual,Motor vehicles excl. fuel,,,
ECTA.S1GA6,2002.03,,,C,Dollars,6,Electronic Card Transactions (ANZSIC06) - ECT,Values - Electronic card transactions A/S/T by industry group,Actual,Motor vehicles excl. fuel,,,
ECTA.S1GA6,2003.03,,,C,Dollars,6,Electronic Card Transactions (ANZSIC06) - ECT,Values - Electronic card transactions A/S/T by industry group,Actual,Motor vehicles excl. fuel,,,
ECTA.S1GA6,2004.03,717.9,,F,Dollars,6,Electronic Card Transactions (ANZSIC06) - ECT,Values - Electronic card transactions A/S/T by industry group,Actual,Motor vehicles excl. fuel,,,
ECTA.S1GA6,2005.03,813.1,,F,Dollars,6,Electronic Card Transactions (ANZSIC06) - ECT,Values - Electronic card transactions A/S/T by industry group,Actual,Motor vehicles excl. fuel,,,
ECTA.S1GA6,2006.03,892,,F,Dollars,6,Electronic Card Transactions (ANZSIC06) - ECT,Values - Electronic card transactions A/S/T by industry group,Actual,Motor vehicles excl. fuel,,,
ECTA.S1GA6,2007.03,972.9,,F,Dollars,6,Electronic Card Transactions (ANZSIC06) - ECT,Values - Electronic card transactions A/S/T by industry group,Actual,Motor vehicles excl. fuel,,,
ECTA.S1GA6,2008.03,1076.2,,F,Dollars,6,Electronic Card Transactions (ANZSIC06) - ECT,Values - Electronic card transactions A/S/T by industry group,Actual,Motor vehicles excl. fuel,,,
ECTA.S1GA6,2009.03,1083.4,,F,Dollars,6,Electronic Card Transactions (ANZSIC06) - ECT,Values - Electronic card transactions A/S/T by industry group,Actual,Motor vehicles excl. fuel,,,
ECTA.S1GA6,2010.03,1133.6,,F,Dollars,6,Electronic Card Transactions (ANZSIC06) - ECT,Values - Electronic card transactions A/S/T by industry group,Actual,Motor vehicles excl. fuel,,,
ECTA.S1GA6,2011.03,1178.3,,F,Dollars,6,Electronic Card Transactions (ANZSIC06) - ECT,Values - Electronic card transactions A/S/T by industry group,Actual,Motor vehicles excl. fuel,,,
ECTA.S1GA6,2012.03,1268.6,,F,Dollars,6,Electronic Card Transactions (ANZSIC06) - ECT,Values - Electronic card transactions A/S/T by industry group,Actual,Motor vehicles excl. fuel,,,
ECTA.S1GA6,2013.03,1354.4,,F,Dollars,6,Electronic Card Transactions (ANZSIC06) - ECT,Values - Electronic card transactions A/S/T by industry group,Actual,Motor vehicles excl. fuel,,,
ECTA.S1GA6,2014.03,1494.1,,F,Dollars,6,Electronic Card Transactions (ANZSIC06) - ECT,Values - Electronic card transactions A/S/T by industry group,Actual,Motor vehicles excl. fuel,,,
ECTA.S1GA6,2015.03,1634.8,,F,Dollars,6,Electronic Card Transactions (ANZSIC06) - ECT,Values - Electronic card transactions A/S/T by industry group,Actual,Motor vehicles excl. fuel,,,
ECTA.S1GA6,2016.03,1799.9,,F,Dollars,6,Electronic Card Transactions (ANZSIC06) - ECT,Values - Electronic card transactions A/S/T by industry group,Actual,Motor vehicles excl. fuel,,,
ECTA.S1GA6,2017.03,1937.3,,F,Dollars,6,Electronic Card Transactions (ANZSIC06) - ECT,Values - Electronic card transactions A/S/T by industry group,Actual,Motor vehicles excl. fuel,,,
ECTA.S1GA6,2018.03,2032.6,,F,Dollars,6,Electronic Card Transactions (ANZSIC06) - ECT,Values - Electronic card transactions A/S/T by industry group,Actual,Motor vehicles excl. fuel,,,
ECTA.S1GA6,2019.03,2111,,F,Dollars,6,Electronic Card Transactions (ANZSIC06) - ECT,Values - Electronic card transactions A/S/T by industry group,Actual,Motor vehicles excl. fuel,,,
ECTA.S1GA7,2001.03,,,C,Dollars,6,Electronic Card Transactions (ANZSIC06) - ECT,Values - Electronic card transactions A/S/T by industry group,Actual,Fuel,,,
ECTA.S1GA7,2002.03,,,C,Dollars,6,Electronic Card Transactions (ANZSIC06) - ECT,Values - Electronic card transactions A/S/T by industry group,Actual,Fuel,,,
ECTA.S1GA7,2003.03,,,C,Dollars,6,Electronic Card Transactions (ANZSIC06) - ECT,Values - Electronic card transactions A/S/T by industry group,Actual,Fuel,,,
ECTA.S1GA7,2004.03,2645.5,,F,Dollars,6,Electronic Card Transactions (ANZSIC06) - ECT,Values - Electronic card transactions A/S/T by industry group,Actual,Fuel,,,
ECTA.S1GA7,2005.03,3346.7,,F,Dollars,6,Electronic Card Transactions (ANZSIC06) - ECT,Values - Electronic card transactions A/S/T by industry group,Actual,Fuel,,,
ECTA.S1GA7,2006.03,3923.5,,F,Dollars,6,Electronic Card Transactions (ANZSIC06) - ECT,Values - Electronic card transactions A/S/T by industry group,Actual,Fuel,,,
ECTA.S1GA7,2007.03,4448.4,,F,Dollars,6,Electronic Card Transactions (ANZSIC06) - ECT,Values - Electronic card transactions A/S/T by industry group,Actual,Fuel,,,
ECTA.S1GA7,2008.03,4828.6,,F,Dollars,6,Electronic Card Transactions (ANZSIC06) - ECT,Values - Electronic card transactions A/S/T by industry group,Actual,Fuel,,,
ECTA.S1GA7,2009.03,5287.5,,F,Dollars,6,Electronic Card Transactions (ANZSIC06) - ECT,Values - Electronic card transactions A/S/T by industry group,Actual,Fuel,,,
ECTA.S1GA7,2010.03,4969.2,,F,Dollars,6,Electronic Card Transactions (ANZSIC06) - ECT,Values - Electronic card transactions A/S/T by industry group,Actual,Fuel,,,
ECTA.S1GA7,2011.03,5538,,F,Dollars,6,Electronic Card Transactions (ANZSIC06) - ECT,Values - Electronic card transactions A/S/T by industry group,Actual,Fuel,,,
ECTA.S1GA7,2012.03,6174.4,,F,Dollars,6,Electronic Card Transactions (ANZSIC06) - ECT,Values - Electronic card transactions A/S/T by industry group,Actual,Fuel,,,
ECTA.S1GA7,2013.03,6888.9,,F,Dollars,6,Electronic Card Transactions (ANZSIC06) - ECT,Values - Electronic card transactions A/S/T by industry group,Actual,Fuel,,,
ECTA.S1GA7,2014.03,7718.4,,F,Dollars,6,Electronic Card Transactions (ANZSIC06) - ECT,Values - Electronic card transactions A/S/T by industry group,Actual,Fuel,,,
ECTA.S1GA7,2015.03,7444.5,,F,Dollars,6,Electronic Card Transactions (ANZSIC06) - ECT,Values - Electronic card transactions A/S/T by industry group,Actual,Fuel,,,
ECTA.S1GA7,2016.03,7143.6,,F,Dollars,6,Electronic Card Transactions (ANZSIC06) - ECT,Values - Electronic card transactions A/S/T by industry group,Actual,Fuel,,,
ECTA.S1GA7,2017.03,7157.7,,F,Dollars,6,Electronic Card Transactions (ANZSIC06) - ECT,Values - Electronic card transactions A/S/T by industry group,Actual,Fuel,,,
ECTA.S1GA7,2018.03,7379.5,,F,Dollars,6,Electronic Card Transactions (ANZSIC06) - ECT,Values - Electronic card transactions A/S/T by industry group,Actual,Fuel,,,
ECTA.S1GA7,2019.03,7504.6,,F,Dollars,6,Electronic Card Transactions (ANZSIC06) - ECT,Values - Electronic card transactions A/S/T by industry group,Actual,Fuel,,,
ECTA.S1GA8,2001.03,,,C,Dollars,6,Electronic Card Transactions (ANZSIC06) - ECT,Values - Electronic card transactions A/S/T by industry group,Actual,Non-retail excl. services,,,
ECTA.S1GA8,2002.03,,,C,Dollars,6,Electronic Card Transactions (ANZSIC06) - ECT,Values - Electronic card transactions A/S/T by industry group,Actual,Non-retail excl. services,,,
ECTA.S1GA8,2003.03,,,C,Dollars,6,Electronic Card Transactions (ANZSIC06) - ECT,Values - Electronic card transactions A/S/T by industry group,Actual,Non-retail excl. services,,,
ECTA.S1GA8,2004.03,7892.3,,F,Dollars,6,Electronic Card Transactions (ANZSIC06) - ECT,Values - Electronic card transactions A/S/T by industry group,Actual,Non-retail excl. services,,,
ECTA.S1GA8,2005.03,8997.1,,F,Dollars,6,Electronic Card Transactions (ANZSIC06) - ECT,Values - Electronic card transactions A/S/T by industry group,Actual,Non-retail excl. services,,,
ECTA.S1GA8,2006.03,9716.9,,F,Dollars,6,Electronic Card Transactions (ANZSIC06) - ECT,Values - Electronic card transactions A/S/T by industry group,Actual,Non-retail excl. services,,,
ECTA.S1GA8,2007.03,10782.3,,F,Dollars,6,Electronic Card Transactions (ANZSIC06) - ECT,Values - Electronic card transactions A/S/T by industry group,Actual,Non-retail excl. services,,,
ECTA.S1GA8,2008.03,11907.6,,F,Dollars,6,Electronic Card Transactions (ANZSIC06) - ECT,Values - Electronic card transactions A/S/T by industry group,Actual,Non-retail excl. services,,,
ECTA.S1GA8,2009.03,12174.4,,F,Dollars,6,Electronic Card Transactions (ANZSIC06) - ECT,Values - Electronic card transactions A/S/T by industry group,Actual,Non-retail excl. services,,,
ECTA.S1GA8,2010.03,12399.8,,F,Dollars,6,Electronic Card Transactions (ANZSIC06) - ECT,Values - Electronic card transactions A/S/T by industry group,Actual,Non-retail excl. services,,,
ECTA.S1GA8,2011.03,12927.2,,F,Dollars,6,Electronic Card Transactions (ANZSIC06) - ECT,Values - Electronic card transactions A/S/T by industry group,Actual,Non-retail excl. services,,,
ECTA.S1GA8,2012.03,13631.6,,F,Dollars,6,Electronic Card Transactions (ANZSIC06) - ECT,Values - Electronic card transactions A/S/T by industry group,Actual,Non-retail excl. services,,,
ECTA.S1GA8,2013.03,14008.7,,F,Dollars,6,Electronic Card Transactions (ANZSIC06) - ECT,Values - Electronic card transactions A/S/T by industry group,Actual,Non-retail excl. services,,,
ECTA.S1GA8,2014.03,14784.4,,F,Dollars,6,Electronic Card Transactions (ANZSIC06) - ECT,Values - Electronic card transactions A/S/T by industry group,Actual,Non-retail excl. services,,,
ECTA.S1GA8,2015.03,15323.1,,F,Dollars,6,Electronic Card Transactions (ANZSIC06) - ECT,Values - Electronic card transactions A/S/T by industry group,Actual,Non-retail excl. services,,,
ECTA.S1GA8,2016.03,16309.6,,F,Dollars,6,Electronic Card Transactions (ANZSIC06) - ECT,Values - Electronic card transactions A/S/T by industry group,Actual,Non-retail excl. services,,,
ECTA.S1GA8,2017.03,17111.5,,F,Dollars,6,Electronic Card Transactions (ANZSIC06) - ECT,Values - Electronic card transactions A/S/T by industry group,Actual,Non-retail excl. services,,,
ECTA.S1GA8,2018.03,17797.9,,F,Dollars,6,Electronic Card Transactions (ANZSIC06) - ECT,Values - Electronic card transactions A/S/T by industry group,Actual,Non-retail excl. services,,,
ECTA.S1GA8,2019.03,18454.9,,F,Dollars,6,Electronic Card Transactions (ANZSIC06) - ECT,Values - Electronic card transactions A/S/T by industry group,Actual,Non-retail excl. services,,,
ECTA.S29A1,2001.03,,,C,Number,0,Electronic Card Transactions (ANZSIC06) - ECT,Number of electronic card transactions A/S/T by division,Actual,RTS total industries,,,
ECTA.S29A1,2002.03,,,C,Number,0,Electronic Card Transactions (ANZSIC06) - ECT,Number of electronic card transactions A/S/T by division,Actual,RTS total industries,,,
ECTA.S29A1,2003.03,,,C,Number,0,Electronic Card Transactions (ANZSIC06) - ECT,Number of electronic card transactions A/S/T by division,Actual,RTS total industries,,,
ECTA.S29A1,2004.03,588806931,,F,Number,0,Electronic Card Transactions (ANZSIC06) - ECT,Number of electronic card transactions A/S/T by division,Actual,RTS total industries,,,
ECTA.S29A1,2005.03,646646117,,F,Number,0,Electronic Card Transactions (ANZSIC06) - ECT,Number of electronic card transactions A/S/T by division,Actual,RTS total industries,,,
ECTA.S29A1,2006.03,706783322,,F,Number,0,Electronic Card Transactions (ANZSIC06) - ECT,Number of electronic card transactions A/S/T by division,Actual,RTS total industries,,,
ECTA.S29A1,2007.03,765192107,,F,Number,0,Electronic Card Transactions (ANZSIC06) - ECT,Number of electronic card transactions A/S/T by division,Actual,RTS total industries,,,
ECTA.S29A1,2008.03,830825132,,F,Number,0,Electronic Card Transactions (ANZSIC06) - ECT,Number of electronic card transactions A/S/T by division,Actual,RTS total industries,,,
ECTA.S29A1,2009.03,876181852,,F,Number,0,Electronic Card Transactions (ANZSIC06) - ECT,Number of electronic card transactions A/S/T by division,Actual,RTS total industries,,,
ECTA.S29A1,2010.03,933437431,,F,Number,0,Electronic Card Transactions (ANZSIC06) - ECT,Number of electronic card transactions A/S/T by division,Actual,RTS total industries,,,
ECTA.S29A1,2011.03,985468154,,F,Number,0,Electronic Card Transactions (ANZSIC06) - ECT,Number of electronic card transactions A/S/T by division,Actual,RTS total industries,,,
ECTA.S29A1,2012.03,1038177483,,F,Number,0,Electronic Card Transactions (ANZSIC06) - ECT,Number of electronic card transactions A/S/T by division,Actual,RTS total industries,,,
ECTA.S29A1,2013.03,1087705018,,F,Number,0,Electronic Card Transactions (ANZSIC06) - ECT,Number of electronic card transactions A/S/T by division,Actual,RTS total industries,,,
ECTA.S29A1,2014.03,1152505489,,F,Number,0,Electronic Card Transactions (ANZSIC06) - ECT,Number of electronic card transactions A/S/T by division,Actual,RTS total industries,,,
ECTA.S29A1,2015.03,1220864253,,F,Number,0,Electronic Card Transactions (ANZSIC06) - ECT,Number of electronic card transactions A/S/T by division,Actual,RTS total industries,,,
ECTA.S29A1,2016.03,1293866673,,F,Number,0,Electronic Card Transactions (ANZSIC06) - ECT,Number of electronic card transactions A/S/T by division,Actual,RTS total industries,,,
ECTA.S29A1,2017.03,1379936091,,F,Number,0,Electronic Card Transactions (ANZSIC06) - ECT,Number of electronic card transactions A/S/T by division,Actual,RTS total industries,,,
ECTA.S29A1,2018.03,1455154022,,F,Number,0,Electronic Card Transactions (ANZSIC06) - ECT,Number of electronic card transactions A/S/T by division,Actual,RTS total industries,,,
ECTA.S29A1,2019.03,1511500338,,F,Number,0,Electronic Card Transactions (ANZSIC06) - ECT,Number of electronic card transactions A/S/T by division,Actual,RTS total industries,,,
ECTA.S29A2,2001.03,,,C,Number,0,Electronic Card Transactions (ANZSIC06) - ECT,Number of electronic card transactions A/S/T by division,Actual,RTS core industries,,,
ECTA.S29A2,2002.03,,,C,Number,0,Electronic Card Transactions (ANZSIC06) - ECT,Number of electronic card transactions A/S/T by division,Actual,RTS core industries,,,
ECTA.S29A2,2003.03,,,C,Number,0,Electronic Card Transactions (ANZSIC06) - ECT,Number of electronic card transactions A/S/T by division,Actual,RTS core industries,,,
ECTA.S29A2,2004.03,495113109,,F,Number,0,Electronic Card Transactions (ANZSIC06) - ECT,Number of electronic card transactions A/S/T by division,Actual,RTS core industries,,,
ECTA.S29A2,2005.03,539502887,,F,Number,0,Electronic Card Transactions (ANZSIC06) - ECT,Number of electronic card transactions A/S/T by division,Actual,RTS core industries,,,
ECTA.S29A2,2006.03,592614010,,F,Number,0,Electronic Card Transactions (ANZSIC06) - ECT,Number of electronic card transactions A/S/T by division,Actual,RTS core industries,,,
ECTA.S29A2,2007.03,644900770,,F,Number,0,Electronic Card Transactions (ANZSIC06) - ECT,Number of electronic card transactions A/S/T by division,Actual,RTS core industries,,,
ECTA.S29A2,2008.03,703820694,,F,Number,0,Electronic Card Transactions (ANZSIC06) - ECT,Number of electronic card transactions A/S/T by division,Actual,RTS core industries,,,
ECTA.S29A2,2009.03,749949518,,F,Number,0,Electronic Card Transactions (ANZSIC06) - ECT,Number of electronic card transactions A/S/T by division,Actual,RTS core industries,,,
ECTA.S29A2,2010.03,803291345,,F,Number,0,Electronic Card Transactions (ANZSIC06) - ECT,Number of electronic card transactions A/S/T by division,Actual,RTS core industries,,,
ECTA.S29A2,2011.03,850793709,,F,Number,0,Electronic Card Transactions (ANZSIC06) - ECT,Number of electronic card transactions A/S/T by division,Actual,RTS core industries,,,
ECTA.S29A2,2012.03,903010277,,F,Number,0,Electronic Card Transactions (ANZSIC06) - ECT,Number of electronic card transactions A/S/T by division,Actual,RTS core industries,,,
ECTA.S29A2,2013.03,943634757,,F,Number,0,Electronic Card Transactions (ANZSIC06) - ECT,Number of electronic card transactions A/S/T by division,Actual,RTS core industries,,,
ECTA.S29A2,2014.03,993978393,,F,Number,0,Electronic Card Transactions (ANZSIC06) - ECT,Number of electronic card transactions A/S/T by division,Actual,RTS core industries,,,
ECTA.S29A2,2015.03,1059844932,,F,Number,0,Electronic Card Transactions (ANZSIC06) - ECT,Number of electronic card transactions A/S/T by division,Actual,RTS core industries,,,
ECTA.S29A2,2016.03,1127526943,,F,Number,0,Electronic Card Transactions (ANZSIC06) - ECT,Number of electronic card transactions A/S/T by division,Actual,RTS core industries,,,
ECTA.S29A2,2017.03,1207333218,,F,Number,0,Electronic Card Transactions (ANZSIC06) - ECT,Number of electronic card transactions A/S/T by division,Actual,RTS core industries,,,
ECTA.S29A2,2018.03,1279024535,,F,Number,0,Electronic Card Transactions (ANZSIC06) - ECT,Number of electronic card transactions A/S/T by division,Actual,RTS core industries,,,
ECTA.S29A2,2019.03,1338375641,,F,Number,0,Electronic Card Transactions (ANZSIC06) - ECT,Number of electronic card transactions A/S/T by division,Actual,RTS core industries,,,
